citing_publisher,citing_year,citing_name,citing_name
CCC,1/1/2013,Jean Bessette,54
CCC,1/1/2013,Laura Aull,50
CCC,1/1/2013,Katherine T. Durack,40
CCC,1/1/2013,Deborah Minter,37
CCC,1/1/2013,Michael Day,37
CCC,1/1/2013,Joanne Baird Giordano,36
CCC,1/1/2013,Kristine Johnson,35
CCC,1/1/2013,Laurie Grobman,34
CCC,1/1/2013,Isis Artze-Vega,32
CCC,1/1/2013,Michael Bunn,31
CCC,1/1/2013,Michelle Navarre Cleary,30
CCC,1/1/2013,Brett M. Griffiths,27
CCC,1/1/2013,Lil Brannon,24
CCC,1/1/2013,Barbara L’Eplattenier,19
CCC,1/1/2013,Caroline Dadas,15
CCC,1/1/2013,Staci M Perryman-Clark,15
CCC,1/1/2013,Jeff Rice,9
CCC,1/1/2013,Asao B. Inoue,7
CCC,1/1/2013,Rita Malenczyk,6
CCC,1/1/2013,Marlene R. Miner,5
CCC,1/1/2013,Dominic DelliCarpini,2
CCC,1/1/2013,Steven D. Krause,2
CCC,1/1/2013,Richard R.,1
CCC,1/1/2014,"John Aloysius Cogan, Jr.",76
CCC,1/1/2014,Thomas Deans,68
CCC,1/1/2014,James P. Purdy,58
CCC,1/1/2014,Stacey Pigg,49
CCC,1/1/2014,Lisa R. Arnold,44
CCC,1/1/2014,Todd Ruecker,39
CCC,1/1/2014,Alexandra Peary,37
CCC,1/1/2014,Brian Gogan,37
CCC,1/1/2014,Benjamin Miller,35
CCC,1/1/2014,L. Jill Lamberton,30
CCC,1/1/2014,Jonathan Alexander,28
CCC,1/1/2014,Emily Legg,27
CCC,1/1/2014,Christina ,25
CCC,1/1/2014,Rachel C. Jackson,24
CCC,1/1/2014,Terry Myers Zawacki,22
CCC,1/1/2015,Pamela VanHaitsma,85
CCC,1/1/2015,Patrick Sullivan,73
CCC,1/1/2015,Wendy Hayden,56
CCC,1/1/2015,Chase Bollig,49
CCC,1/1/2015,Faye Halpern,43
CCC,1/1/2015,Lisa Dush,43
CCC,1/1/2015,Russel K. Durst,43
CCC,1/1/2015,Michael-John DePalma,40
CCC,1/1/2015,Sarah Read,36
CCC,1/1/2015,Ben Kuebrich,32
CCC,1/1/2015,Sean Zwagerman,32
CCC,1/1/2015,Jacqueline Preston,27
CCC,1/1/2015,Amy E. Robillard,23
CCC,1/1/2015,Ghanashyam Sharma,20
CCC,1/1/2015,Madelyn Flammia,19
CCC,1/1/2015,Meghan A. Sweeney,19
CCC,1/1/2015,Sarah C. Swofford,19
CCC,1/1/2015,Natasha N. Jones,12
CCC,1/1/2015,Scott Wible,12
CCC,1/1/2015,Zachary C. Beare,12
CCC,1/1/2015,Mary P. Sheridan,10
CCC,1/1/2015,Christian Smith,9
CCC,1/1/2015,Yvonne Cleary,8
CCC,1/1/2015,Johndan Johnson-Eilola,4
CCC,1/1/2015,Asao B. Inoue,3
CCC,1/1/2016,Denise K. Comer,86
CCC,1/1/2016,Chris W. Gallagher,82
CCC,1/1/2016,Chris M. Anson,65
CCC,1/1/2016,D. Alexis Hart,56
CCC,1/1/2016,Kristopher M. Lotier,55
CCC,1/1/2016,Flynn ,52
CCC,1/1/2016,Jennifer Seibel Trainor,50
CCC,1/1/2016,Jerry Won Lee,43
CCC,1/1/2016,Jennifer Sano-Franchini,42
CCC,1/1/2016,Anicca Cox,41
CCC,1/1/2016,Zak Lancaster,40
CCC,1/1/2016,Jennifer Lin LeMesurier,38
CCC,1/1/2016,Tony Scott,38
CCC,1/1/2016,Daveena Tauber,35
CCC,1/1/2016,Jeffrey A. Bacha,35
CCC,1/1/2016,Matthew Abraham,31
CCC,1/1/2016,Kelly A. Myers,30
CCC,1/1/2016,Stuart Blythe,30
CCC,1/1/2016,Nathaniel A. Rivers,26
CCC,1/1/2016,Daniel Barlow,23
CCC,1/1/2016,Aimee C. Mapes,19
CCC,1/1/2016,Laura Beerits,17
CCC,1/1/2016,Kara Wittman,14
CCC,1/1/2016,Frank Gaughan,4
CCC,1/1/2016,Elizabeth Kalbfleisch,3
CCC,1/1/2016,David Beard,2
CCC,1/1/2016,Lois Agnew,2
CCC,1/1/2016,Chris Thaiss,1
CCC,1/1/2016,John Ruszkiewicz,1
CCC,1/1/2017,Pamela VanHaitsma,72
CCC,1/1/2017,Shurli Makmillen,68
CCC,1/1/2017,Bonnie J. Williams-Farrier,56
CCC,1/1/2017,Anne-Marie Womack,49
CCC,1/1/2017,Chris Mays,48
CCC,1/1/2017,Laurie Grobman,44
CCC,1/1/2017,Steven Fraiberg,44
CCC,1/1/2017,Jim Webber,43
CCC,1/1/2017,Tara Wood,39
CCC,1/1/2017,Heather Bastian,37
CCC,1/1/2017,Jessica Pauszek,37
CCC,1/1/2017,Rebecca Brittenham,36
CCC,1/1/2017,Courtney L. Werner,34
CCC,1/1/2017,Eli Goldblatt,34
CCC,1/1/2017,Jeffrey M. Ringer,33
CCC,1/1/2017,David M. Grant,31
CCC,1/1/2017,Sarah Ruffing Robbins,29
CCC,1/1/2017,Don J. Kraemer,21
CCC,1/1/2017,Sarah Klotz,19
CCC,1/1/2017,Neil Baird,18
CCC,1/1/2018,Rachael W. Shah,80
CCC,1/1/2018,Pamela Takayoshi,67
CCC,1/1/2018,James Rushing Daniel,58
CCC,1/1/2018,Shannon Walters,45
CCC,1/1/2018,Deborah Mutnick,41
CCC,1/1/2018,Stefan Frazier,37
CCC,1/1/2018,V. Jo Hsu,37
CCC,1/1/2018,Hannah J. Rule,36
CCC,1/1/2018,Peter Wayne Moe,36
CCC,1/1/2018,Kelly Ritter,32
CCC,1/1/2018,Joyce Olewski Inman,31
CCC,1/1/2018,Ira J. Allen,30
CCC,1/1/2018,Kate Vieira,30
CCC,1/1/2018,Carmen Kynard,28
CCC,1/1/2018,Heather Lindenman,28
CCC,1/1/2018,Shari J. Stenberg,22
CCC,1/1/2018,Ellery Sills,21
CCC,1/1/2018,Jessica Pauszek,18
CCC,1/1/2018,Thomas P. Miller,13
CCC,1/1/2018,Deborah Brandt,11
CCC,1/1/2018,Steve Parks,3
CCC,1/1/2018,Jonathan Alexander,1
CCC,1/1/2018,Peter Moe,1
College English,1/1/2013,Min-Zhan Lu,73
College English,1/1/2013,Krista Kennedy,64
College English,1/1/2013,Patrick Sullivan,59
College English,1/1/2013,Lynn Z. Bloom,54
College English,1/1/2013,Gwen Gorzelsky,42
College English,1/1/2013,Ellen Cushman,39
College English,1/1/2013,Dànielle Nicole DeVoss,37
College English,1/1/2013,T.J. Geiger II,37
College English,1/1/2013,Tarez Samra Graban,37
College English,1/1/2013,Jeff Rice,34
College English,1/1/2013,Jessica Reyman,33
College English,1/1/2013,Cristina Stanciu,29
College English,1/1/2013,Adam Koehler,27
College English,1/1/2013,Jeffrey M. Ringer,26
College English,1/1/2013,Kelly L. Dent,25
College English,1/1/2013,Tricia C. Serviss,25
College English,1/1/2013,Jenn Fishman,23
College English,1/1/2013,John Logie,20
College English,1/1/2013,Jim Ridolfo,19
College English,1/1/2013,Jason Peters,15
College English,1/1/2013,Joyce Olewski Inman,14
College English,1/1/2013,Sandra M. Gilbert,4
College English,1/1/2013,Susan Gubar,4
College English,1/1/2013,Amy Dayton,3
College English,1/1/2013,David Nielsen,3
College English,1/1/2014,Laura R. Micciche,59
College English,1/1/2014,Rebecca Lorimer Leonard,49
College English,1/1/2014,Linda Adler-Kassner,48
College English,1/1/2014,Tony Scott,47
College English,1/1/2014,Jeremiah Dyehouse,46
College English,1/1/2014,Matthew Heard,44
College English,1/1/2014,Deborah Bowen,42
College English,1/1/2014,William Duffy,42
College English,1/1/2014,Catherine Olive-Marie Fox,37
College English,1/1/2014,Alicia Brazeau,36
College English,1/1/2014,Steph Ceraso,36
College English,1/1/2014,Annie S. Mendenhall,34
College English,1/1/2014,Stephen J. Mexal,30
College English,1/1/2014,Jonathan Alexander,28
College English,1/1/2014,David Wallace,27
College English,1/1/2014,Amber Engelson,25
College English,1/1/2014,Jamie White-Farnham,24
College English,1/1/2014,Kathryn Nantz,23
College English,1/1/2014,Melissa Ianetta,23
College English,1/1/2014,Michael McCamley,20
College English,1/1/2014,Steve Parks,17
College English,1/1/2014,Deborah H. Holdstein,4
College English,1/1/2014,Morris Young,4
College English,1/1/2014,Susan C. Jarratt,3
College English,1/1/2014,Alan Benson,1
College English,1/1/2014,Nancy Welch,1
College English,1/1/2015,Sue Hum,70
College English,1/1/2015,Vanessa Kraemer Sohan,70
College English,1/1/2015,Risa Applegarth,58
College English,1/1/2015,Laurie Grobman,55
College English,1/1/2015,Dara Rossman Regaignon,53
College English,1/1/2015,Pamela VanHaitsma,51
College English,1/1/2015,Bruce Horner,50
College English,1/1/2015,Michael T. MacDonald,43
College English,1/1/2015,Mark Alan Williams,39
College English,1/1/2015,Paul Feigenbaum,39
College English,1/1/2015,Jay Jordan,38
College English,1/1/2015,Jane Greer,36
College English,1/1/2015,Rebecca Tarsa,34
College English,1/1/2015,Kate White,32
College English,1/1/2015,Karen Kopelson,30
College English,1/1/2015,Brenda Glascott,26
College English,1/1/2015,Joanne Baird Giordano,24
College English,1/1/2015,Georganne Nordstrom,22
College English,1/1/2015,Jenny Rice,22
College English,1/1/2015,Lori Ostergaard,16
College English,1/1/2015,Nathaniel A. Rivers,11
College English,1/1/2015,Vanessa Kraemer Nordstrom,7
College English,1/1/2015,Heather Brook Adams,6
College English,1/1/2015,Lauren Fitzgerald,6
College English,1/1/2015,Donald Lazere,4
College English,1/1/2015,Amy J. Wan,3
College English,1/1/2016,Gregory Coles,74
College English,1/1/2016,Charles N. Lesh,45
College English,1/1/2016,Steve Lamos,45
College English,1/1/2016,Katherine Fredlund,37
College English,1/1/2016,Dylan B. Dryer,33
College English,1/1/2016,Rebecca Nowacek,27
College English,1/1/2016,Matthew Sumpter,25
College English,1/1/2016,Suresh Canagarajah,25
College English,1/1/2016,Anis Bawarshi,22
College English,1/1/2016,Ellen Cushman,21
College English,1/1/2016,Jessica L. Bannon,21
College English,1/1/2016,Jody Shipka,17
College English,1/1/2016,Brian Ray,16
College English,1/1/2016,Christie Toth,16
College English,1/1/2016,John Trimbur,15
College English,1/1/2016,Keith Gilyard,9
College English,1/1/2016,Juan C. Guerra,8
College English,1/1/2016,Stephanie L. Kerschbaum,6
College English,1/1/2016,Shirley Wilson Logan,3
College English,1/1/2017,John Duffy,62
College English,1/1/2017,Beth Godbee,49
College English,1/1/2017,Christie Toth,49
College English,1/1/2017,Michael-John DePalma,49
College English,1/1/2017,James Rushing Daniel,45
College English,1/1/2017,Jane Detweiler,44
College English,1/1/2017,Michelle Zaleski,43
College English,1/1/2017,Wendy Hayden,43
College English,1/1/2017,Kristie S. Fleckenstein,41
College English,1/1/2017,Laurie Grobman,39
College English,1/1/2017,Sue Mendelsohn,35
College English,1/1/2017,Amy J. Lueck,34
College English,1/1/2017,Craig Collin,34
College English,1/1/2017,Aubrey Schiavone,30
College English,1/1/2017,Thomas P. Miller,29
College English,1/1/2017,Joddy Murray,27
College English,1/1/2017,Heather Thomson-Bunn,26
College English,1/1/2017,Victor Villanueva,24
College English,1/1/2017,Rachel C. Jackson,23
College English,1/1/2017,Benjamin Keating,20
College English,1/1/2017,Jonna I. Gilfus,18
College English,1/1/2017,Rachel Gramer,12
College English,1/1/2017,Sarah Z Johnson,12
College English,1/1/2017,Kirk Branch,6
College English,1/1/2017,Matthew Overstreet,5
College English,1/1/2018,Krista Kurlinkus,77
College English,1/1/2018,Abby M. Dubisar,55
College English,1/1/2018,Crystal Broch Colombini,54
College English,1/1/2018,Eileen Lagman,47
College English,1/1/2018,Michelle Smith,44
College English,1/1/2018,Chris S. Earle,41
College English,1/1/2018,Bethany Mannon,38
College English,1/1/2018,Elizabeth Ellis Miller,38
College English,1/1/2018,Kim Hensley Owens,38
College English,1/1/2018,Lois Agnew,36
College English,1/1/2018,Matthew A. Vetter,35
College English,1/1/2018,Suzanne Bordelon,34
College English,1/1/2018,Cynthia Lewis,33
College English,1/1/2018,Kathryn Johnson Gindlesparger,29
College English,1/1/2018,Charlotte Hogg,27
College English,1/1/2018,Chris Mays,27
College English,1/1/2018,Erica Frisicaro-Pawlowski,23
College English,1/1/2018,Jason Palmeri,11
College English,1/1/2018,Aja Y. Martinez,9
College English,1/1/2018,Kelly Blewett,5
College English,1/1/2019,Kara Poe Alexander,99
College English,1/1/2019,David Fleming,87
College English,1/1/2019,Laura R. Micciche,72
College English,1/1/2019,Elisa Findlay,55
College English,1/1/2019,Jim Nugent,49
College English,1/1/2019,Calley Marotta,45
College English,1/1/2019,Jeff Sommers,45
College English,1/1/2019,Douglas Hesse,44
College English,1/1/2019,Dylan B. Dryer,41
College English,1/1/2019,Carolyn Skinner,32
College English,1/1/2019,Elizabeth A. Novara,27
College English,1/1/2019,Neal Lerner,18
College English,1/1/2019,Michelle F. Eble,7
College English,1/1/2019,Kelly Blewett,4
College English,1/1/2019,Jennifer Wells,1
Community Literacy Journal,1/1/2013,Audrey Barick,40
Community Literacy Journal,1/1/2013,Kendall Leon,30
Community Literacy Journal,1/1/2013,Anna Plemons,29
Community Literacy Journal,1/1/2013,Adela C. Licona,27
Community Literacy Journal,1/1/2013,Ryan Roderick,21
Community Literacy Journal,1/1/2013,Timothy B. Tasker,18
Community Literacy Journal,1/1/2013,Kristen H. Perry,16
Community Literacy Journal,1/1/2013,Michael McDonald,16
Community Literacy Journal,1/1/2013,Vanessa Mercado,14
Community Literacy Journal,1/1/2013,Rhonda Davis,13
Community Literacy Journal,1/1/2013,Mark B. Padilla,10
Community Literacy Journal,1/1/2013,Leah Durán,5
Community Literacy Journal,1/1/2013,Brian Hendrickson,4
Community Literacy Journal,1/1/2013,Londie T. Martin,4
Community Literacy Journal,1/1/2014,Kristen H. Perry,42
Community Literacy Journal,1/1/2014,Veronica House,37
Community Literacy Journal,1/1/2014,Christina Matthiesen,34
Community Literacy Journal,1/1/2014,Joel Beatty,31
Community Literacy Journal,1/1/2014,Sandra Elaine Jones,29
Community Literacy Journal,1/1/2014,Veronica Oliver,29
Community Literacy Journal,1/1/2014,Rachael Wendler,25
Community Literacy Journal,1/1/2014,Emily Cooney,21
Community Literacy Journal,1/1/2014,Jennifer deWinter,19
Community Literacy Journal,1/1/2014,David Coogan,17
Community Literacy Journal,1/1/2014,Jaclyn M. Wells,15
Community Literacy Journal,1/1/2014,William Carney,9
Community Literacy Journal,1/1/2014,Kelly A. Concannon Mannise,7
Community Literacy Journal,1/1/2014,Charlotte Bammer,2
Community Literacy Journal,1/1/2014,Adriana Briseño-Garzón,1
Community Literacy Journal,1/1/2015,Consuelo Salas,40
Community Literacy Journal,1/1/2015,Ashley J. Holmes,32
Community Literacy Journal,1/1/2015,Stephanie Wade,29
Community Literacy Journal,1/1/2015,Elizabeth Kimball,22
Community Literacy Journal,1/1/2015,Janine Morris,21
Community Literacy Journal,1/1/2015,Lisa Mastrangelo,19
Community Literacy Journal,1/1/2015,Laurie Grobman,17
Community Literacy Journal,1/1/2015,Lauren Davis,16
Community Literacy Journal,1/1/2015,Amanda Fields,12
Community Literacy Journal,1/1/2015,Marcy L. Galbreath,12
Community Literacy Journal,1/1/2015,Amy E. Dayton,11
Community Literacy Journal,1/1/2015,Erin Trauth,9
Community Literacy Journal,1/1/2015,Chris Meagher,7
Community Literacy Journal,1/1/2015,Jessica E. Slentz,3
Community Literacy Journal,1/1/2015,Angela Clark-Oates,1
Community Literacy Journal,1/1/2015,Brad Jacobson,1
Community Literacy Journal,1/1/2016,Ben Kuebrich,33
Community Literacy Journal,1/1/2016,Rosanne Carlo,29
Community Literacy Journal,1/1/2016,Abby M. Dubisar,24
Community Literacy Journal,1/1/2016,Jordan Loveridge,23
Community Literacy Journal,1/1/2016,Seán McCarthy,20
Community Literacy Journal,1/1/2016,Nichole Lariscy,19
Community Literacy Journal,1/1/2016,Tobi Jacobi,19
Community Literacy Journal,1/1/2016,Deborah Mutnick,17
Community Literacy Journal,1/1/2016,Phyllis Mentzell Ryder,17
Community Literacy Journal,1/1/2016,Allison S. Walker,10
Community Literacy Journal,1/1/2016,Catherine Savini,10
Community Literacy Journal,1/1/2016,Jeremy Cornelius,10
Community Literacy Journal,1/1/2016,Megan Faver Hartline,8
Community Literacy Journal,1/1/2016,Elizabeth Parfitt,7
Community Literacy Journal,1/1/2016,Veronica House,7
Community Literacy Journal,1/1/2016,Eli Goldblatt,6
Community Literacy Journal,1/1/2016,Paul Feigenbaum,5
Community Literacy Journal,1/1/2016,Vani Kannan,3
Community Literacy Journal,1/1/2016,Erec Toso,2
Community Literacy Journal,1/1/2016,Maria Conti,1
Community Literacy Journal,1/1/2016,Paula Mathieu,1
Community Literacy Journal,1/1/2017,Kristen H. Perry,88
Community Literacy Journal,1/1/2017,Charles J. Lesh,56
Community Literacy Journal,1/1/2017,Terese Guinsatao Monberg,35
Community Literacy Journal,1/1/2017,Chelsea J. Murdock,29
Community Literacy Journal,1/1/2017,Tobi Jacobi,20
Community Literacy Journal,1/1/2017,Steven Alvarez,17
Community Literacy Journal,1/1/2017,Jessica Estep,16
Community Literacy Journal,1/1/2017,Michael T. MacDonald,15
Community Literacy Journal,1/1/2017,Lauren Rosenberg,8
Community Literacy Journal,1/1/2017,Marissa M. Juárez,7
Community Literacy Journal,1/1/2017,Whitney Douglas,6
Community Literacy Journal,1/1/2017,Michelle Curry,4
Community Literacy Journal,1/1/2017,Rachael Wendler Shah,4
Community Literacy Journal,1/1/2017,Sarah Tham,3
Community Literacy Journal,1/1/2017,Jessica Shumake,2
Community Literacy Journal,1/1/2017,Paula Mathieu,2
Community Literacy Journal,1/1/2017,Reed Kara,2
Community Literacy Journal,1/1/2017,Eli Goldblatt,1
Community Literacy Journal,1/1/2017,Eric A. House,1
Community Literacy Journal,1/1/2017,Rosanne Carlo,1
Community Literacy Journal,1/1/2018,Alice Ragland,34
Community Literacy Journal,1/1/2018,Justin Lohr,31
Community Literacy Journal,1/1/2018,Amy C. Kimme Hea Hickman,21
Community Literacy Journal,1/1/2018,Megan Opperman,18
Community Literacy Journal,1/1/2018,Wendy Wolters Hinshaw,18
Community Literacy Journal,1/1/2018,Dorothy Whitehorse DeLaune,16
Community Literacy Journal,1/1/2018,Erica M. Stone,15
Community Literacy Journal,1/1/2018,Romeo Garcia,15
Community Literacy Journal,1/1/2018,Karen Rowan,13
Community Literacy Journal,1/1/2018,Lesley Graybeal,12
Community Literacy Journal,1/1/2018,Gina Wrobel,4
Community Literacy Journal,1/1/2018,Mary Birdsall,3
Community Literacy Journal,1/1/2018,Allison Bennett,1
Community Literacy Journal,1/1/2018,Anthony DeGenaro,1
Community Literacy Journal,1/1/2018,Casely E. Coan,1
Community Literacy Journal,1/1/2018,Ellen Cushman,1
Community Literacy Journal,1/1/2018,Ildikó Melis,1
Community Literacy Journal,1/1/2018,Jessica Shumake,1
Composition Studies,1/1/2013,Christine Denecker,48
Composition Studies,1/1/2013,Courtney Adams Wooten,37
Composition Studies,1/1/2013,Duncan Koerber,34
Composition Studies,1/1/2013,Oriana Gatta,32
Composition Studies,1/1/2013,Ryan Skinnell,31
Composition Studies,1/1/2013,Annie Mendenhall,29
Composition Studies,1/1/2013,Brian Ray,25
Composition Studies,1/1/2013,Kenna Barrett,21
Composition Studies,1/1/2013,Michael Charlton,16
Composition Studies,1/1/2013,William Duffy,8
Composition Studies,1/1/2013,Sushil K. Oswal,6
Composition Studies,1/1/2013,Bryna Siegel Finer,4
Composition Studies,1/1/2013,Paul Dahlgren,3
Composition Studies,1/1/2013,Kristin Ravel,2
Composition Studies,1/1/2013,Lauri Bohanan Goolding,1
Composition Studies,1/1/2013,Madeline Walker,1
Composition Studies,1/1/2013,Peter Brooks,1
Composition Studies,1/1/2013,Pisarn Bee Chamcharatsri,1
Composition Studies,1/1/2013,Sean R. Maddox,1
Composition Studies,1/1/2013,Ted Kesler,1
Composition Studies,1/1/2014,Isabelle Thompson,66
Composition Studies,1/1/2014,Chris W. Gallagher,44
Composition Studies,1/1/2014,Marsha Lee Baker,32
Composition Studies,1/1/2014,Ella R. Browning,24
Composition Studies,1/1/2014,Aja Y. Martinez,22
Composition Studies,1/1/2014,Tyler Carter,22
Composition Studies,1/1/2014,Russel K. Durst,18
Composition Studies,1/1/2014,Carl Whithaus,16
Composition Studies,1/1/2014,Matthew A. Vetter,16
Composition Studies,1/1/2014,Tabetha Adkins,14
Composition Studies,1/1/2014,Douglas Eyman,11
Composition Studies,1/1/2014,Justin Hodgson,9
Composition Studies,1/1/2014,Cynthia L. Selfe,8
Composition Studies,1/1/2014,Jacquelyn E. Hoermann,8
Composition Studies,1/1/2014,Melanie Yergeau,8
Composition Studies,1/1/2014,Shakil Rabbi,7
Composition Studies,1/1/2014,David Blakesley,6
Composition Studies,1/1/2014,Kristine L. Blair,5
Composition Studies,1/1/2014,Virginia Crisco,4
Composition Studies,1/1/2014,Wendy Fall,4
Composition Studies,1/1/2014,Jeffrey G. Howard,3
Composition Studies,1/1/2014,Jennifer Habel,3
Composition Studies,1/1/2014,Kevin Brock,3
Composition Studies,1/1/2014,Lynée Lewis Gaillet,3
Composition Studies,1/1/2014,Paula Mathieu,3
Composition Studies,1/1/2014,Cynthia Lewiecki-Wilson,2
Composition Studies,1/1/2014,Kevin C. Moore,1
Composition Studies,1/1/2014,Kristina Fennelly,1
Composition Studies,1/1/2014,Tara Wood,1
Composition Studies,1/1/2015,Molly J. Scanlon,59
Composition Studies,1/1/2015,Kara Poe Alexander,54
Composition Studies,1/1/2015,Kathryn Comer,45
Composition Studies,1/1/2015,Jonathan Hunt,44
Composition Studies,1/1/2015,T. J. Geiger II,39
Composition Studies,1/1/2015,Liesl Schwabe,31
Composition Studies,1/1/2015,Maggie M. Werner,31
Composition Studies,1/1/2015,Carl Whithaus,25
Composition Studies,1/1/2015,Gabriel Sealey-Morris,22
Composition Studies,1/1/2015,Aaron Kashtan,20
Composition Studies,1/1/2015,Erin Kathleen Bahl,20
Composition Studies,1/1/2015,Leah Misemer,18
Composition Studies,1/1/2015,Lori Ostergaard,12
Composition Studies,1/1/2015,Shannon Walters,11
Composition Studies,1/1/2015,Kirsti Cole,9
Composition Studies,1/1/2015,Janine Morris,8
Composition Studies,1/1/2015,Michelle Smith,8
Composition Studies,1/1/2015,Collie Fulford,7
Composition Studies,1/1/2015,Michelle Dierlof,7
Composition Studies,1/1/2015,Rachel Griffo,7
Composition Studies,1/1/2015,Susan Kirtley,7
Composition Studies,1/1/2015,Christie Toth,5
Composition Studies,1/1/2015,Glen McClish,5
Composition Studies,1/1/2015,Beth L. Hewett,4
Composition Studies,1/1/2015,Wendy McCloud,4
Composition Studies,1/1/2015,Jason Luther,3
Composition Studies,1/1/2015,Michael J. Michaud,3
Composition Studies,1/1/2015,Tammie M. Kennedy,3
Composition Studies,1/1/2015,Cara Messina,2
Composition Studies,1/1/2015,Franny Howes,2
Composition Studies,1/1/2015,Kara Alexander,2
Composition Studies,1/1/2015,Aaron Clark,1
Composition Studies,1/1/2015,Cami Sylvia,1
Composition Studies,1/1/2015,Edward Jacobs,1
Composition Studies,1/1/2015,Jenny Krichevsky,1
Composition Studies,1/1/2015,Peter Brooks,1
Composition Studies,1/1/2016,Laura Tetreault,49
Composition Studies,1/1/2016,Alexandria Lockett,39
Composition Studies,1/1/2016,Cynthia L. Selfe,38
Composition Studies,1/1/2016,Rebekka Andersen,36
Composition Studies,1/1/2016,Michelle Cox,32
Composition Studies,1/1/2016,Bethany Davila,23
Composition Studies,1/1/2016,Tatiana Glushko,21
Composition Studies,1/1/2016,Julia Kiernan,20
Composition Studies,1/1/2016,Ghanashyam Sharma,17
Composition Studies,1/1/2016,Rob McAlear,17
Composition Studies,1/1/2016,Emily Cooney,16
Composition Studies,1/1/2016,Casie J. Fedukovich,13
Composition Studies,1/1/2016,Cathryn Molloy,13
Composition Studies,1/1/2016,James Rushing Daniel,13
Composition Studies,1/1/2016,Rebecca Lorimer Leonard,13
Composition Studies,1/1/2016,Tom Pace,13
Composition Studies,1/1/2016,Ben Harley,11
Composition Studies,1/1/2016,Christiane Donahue,11
Composition Studies,1/1/2016,Kelly Masterson,11
Composition Studies,1/1/2016,Bo Wang,10
Composition Studies,1/1/2016,"David F. Green, Jr.",10
Composition Studies,1/1/2016,Liane Malinowski,9
Composition Studies,1/1/2016,Morris Young,9
Composition Studies,1/1/2016,Lisa R. Arnold,8
Composition Studies,1/1/2016,Amy Zenger,7
Composition Studies,1/1/2016,Rubén Casas,7
Composition Studies,1/1/2016,Shawanda Stewart,7
Composition Studies,1/1/2016,Brian James Stone,6
Composition Studies,1/1/2016,Kate Vieira,6
Composition Studies,1/1/2016,Robert E. Randolph,6
Composition Studies,1/1/2016,Joel Heng Hartse,4
Composition Studies,1/1/2016,Hope Jackson,3
Composition Studies,1/1/2016,Jay Jordan,3
Composition Studies,1/1/2016,Kat Williams,3
Composition Studies,1/1/2016,Chris Thaiss,1
Composition Studies,1/1/2016,Darin Jensen,1
Composition Studies,1/1/2016,Rebecca Dingo,1
Composition Studies,1/1/2016,Shirley K. Rose,1
Composition Studies,1/1/2016,Suresh Canagarajah,1
Composition Studies,1/1/2017,Cydney Alexis,53
Composition Studies,1/1/2017,Carol Severino,50
Composition Studies,1/1/2017,Sara Newman,49
Composition Studies,1/1/2017,Hannah J. Rule,47
Composition Studies,1/1/2017,Jeff Rice,42
Composition Studies,1/1/2017,Michelle Tremmel,42
Composition Studies,1/1/2017,Carrie Byars Kilfoil,38
Composition Studies,1/1/2017,Faith M. Kurtyka,33
Composition Studies,1/1/2017,Kristine Johnson,33
Composition Studies,1/1/2017,Janine Butler,31
Composition Studies,1/1/2017,Kendall Leon,25
Composition Studies,1/1/2017,Bethany Davila,23
Composition Studies,1/1/2017,Steven Alvarez,22
Composition Studies,1/1/2017,Cruz Medina,19
Composition Studies,1/1/2017,Erin Penner Gallegos,18
Composition Studies,1/1/2017,Christine Martorana,16
Composition Studies,1/1/2017,Iris Ruiz,16
Composition Studies,1/1/2017,Steven Accardi,16
Composition Studies,1/1/2017,Michelle LyonsMcFarland,13
Composition Studies,1/1/2017,Rick Fisher,12
Composition Studies,1/1/2017,Jennifer Mallette,11
Composition Studies,1/1/2017,Everardo J. Cuevas,10
Composition Studies,1/1/2017,Robert Terry,9
Composition Studies,1/1/2017,Tristan Abbott,8
Composition Studies,1/1/2017,E. Domínguez Barajas,7
Composition Studies,1/1/2017,J. Paul Padilla,7
Composition Studies,1/1/2017,Timothy Ballingall,7
Composition Studies,1/1/2017,Chen Chen,6
Composition Studies,1/1/2017,Lisha Daniels Storey,5
Composition Studies,1/1/2017,Samantha NeCamp,5
Composition Studies,1/1/2017,Annie Osburn,4
Composition Studies,1/1/2017,Bethany Mannon,4
Composition Studies,1/1/2017,Jialei Jiang,4
Composition Studies,1/1/2017,Nolan P. Goetzinger,4
Composition Studies,1/1/2017,Maggie Collins,3
Composition Studies,1/1/2017,Christine Garcia,1
Composition Studies,1/1/2017,Laurie A. Pinkert,1
Composition Studies,1/1/2017,Mark Christopher Lane,1
Composition Studies,1/1/2017,Nicole Gonzales Howell,1
Composition Studies,1/1/2018,Ann M. Penrose,60
Composition Studies,1/1/2018,Courtney Adams Wooten,51
Composition Studies,1/1/2018,Julia Voss,51
Composition Studies,1/1/2018,Peter Wayne Moe,41
Composition Studies,1/1/2018,Alexis Teagarden,34
Composition Studies,1/1/2018,Ryan McCarty,33
Composition Studies,1/1/2018,Adrian M. Zytkoskee,31
Composition Studies,1/1/2018,Kristen di Gennaro,30
Composition Studies,1/1/2018,Edward Hahn,29
Composition Studies,1/1/2018,Amy J. Lueck,26
Composition Studies,1/1/2018,Jeffrey T. Grabill,24
Composition Studies,1/1/2018,Missy Watson,16
Composition Studies,1/1/2018,Andrea Riley Mukavetz,13
Composition Studies,1/1/2018,Drew M. Loewe,10
Composition Studies,1/1/2018,Jacob Greene,9
Composition Studies,1/1/2018,Bob Mayberry,8
Composition Studies,1/1/2018,Ben Wetherbee,7
Composition Studies,1/1/2018,Christy Goldsmith,7
Composition Studies,1/1/2018,Tessa Brown,6
Composition Studies,1/1/2018,Audrey C. Cooper,5
Composition Studies,1/1/2018,Jessi Thomsen,5
Composition Studies,1/1/2018,Nick Sanders,5
Composition Studies,1/1/2018,Anna Sicari,4
Composition Studies,1/1/2018,Laura Rosche,4
Composition Studies,1/1/2018,Ethan Philbrick,3
Composition Studies,1/1/2018,Patricia Fancher,3
Composition Studies,1/1/2018,Roxanne Mountford,3
Composition Studies,1/1/2018,Michael Griffith,2
Composition Studies,1/1/2018,Michelle Graber,2
Composition Studies,1/1/2018,Jacob Babb,1
Composition Studies,1/1/2018,Jacob W. Craig,1
Composition Studies,1/1/2018,Katie Bramlett,1
Composition Studies,1/1/2019,Carolyne M. King,47
Composition Studies,1/1/2019,Cruz Medina,30
Composition Studies,1/1/2019,Danielle M. Williams,29
Composition Studies,1/1/2019,Beth Boehm,26
Composition Studies,1/1/2019,Alyssa G. Cavazos,21
Composition Studies,1/1/2019,Brooke R. Schreiber,21
Composition Studies,1/1/2019,J. Michael Rifenburg,17
Composition Studies,1/1/2019,Steve Lamos,8
Composition Studies,1/1/2019,Darin Jensen,4
Composition Studies,1/1/2019,Jessica Brown,4
Composition Studies,1/1/2019,Erin Cromer Twal,3
Composition Studies,1/1/2019,James Clifford Swider,3
Composition Studies,1/1/2019,Emily Carson,2
Composition Studies,1/1/2019,Alexandra Hidalgo,1
Enculturation,1/1/2016,Steve Holmes,107
Enculturation,1/1/2016,Jodie Nicotra,72
Enculturation,1/1/2016,Kellie Sharp-Hoskins,63
Enculturation,1/1/2016,Douglas Eyman,51
Enculturation,1/1/2016,E Cram,46
Enculturation,1/1/2016,Nathan R. Johnson,42
Enculturation,1/1/2016,Bill Hart-Davidson,36
Enculturation,1/1/2016,Estee Beck,36
Enculturation,1/1/2016,Rachel Wolford,34
Enculturation,1/1/2016,Sean Conrey,29
Enculturation,1/1/2016,Jessica E. Slentz,28
Enculturation,1/1/2016,Timothy R. Dougherty,28
Enculturation,1/1/2016,Angela J. Aguayo,27
Enculturation,1/1/2016,Daisy Levy,26
Enculturation,1/1/2016,Vani Kannan,24
Enculturation,1/1/2016,Jon M. Wargo,21
Enculturation,1/1/2016,Caddie Alford,18
Enculturation,1/1/2016,Nathaniel Rivers,15
Enculturation,1/1/2016,Joe Warfel,14
Enculturation,1/1/2016,Andrea Riley-Mukavetz,13
Enculturation,1/1/2016,Santos F. Ramos,11
Enculturation,1/1/2016,David M. Rieder,9
Enculturation,1/1/2016,Kathleen Blake Yancy,9
Enculturation,1/1/2016,Crystal VanKooten,8
Enculturation,1/1/2016,Jeff Rice,8
Enculturation,1/1/2016,Terese Guinsatao Monberg,8
Enculturation,1/1/2016,Alexandra Hidalgo,7
Enculturation,1/1/2016,Kate Maddalena,5
Enculturation,1/1/2016,Stephen J. McElroy,5
Enculturation,1/1/2016,Sarah J. Arroyo,4
Enculturation,1/1/2016,Amy Williams,3
Enculturation,1/1/2016,Lucy Anne Johnson,3
Enculturation,1/1/2016,Ryan Skinnell,2
Enculturation,1/1/2016,Amanda Hayes,1
Enculturation,1/1/2016,Benjamin Harley,1
Enculturation,1/1/2016,Edward Santos Garza,1
Enculturation,1/1/2016,Jessica Beckett,1
Enculturation,1/1/2016,Mark W. Shealy,1
Enculturation,1/1/2016,Matthew Overstreet,1
Enculturation,1/1/2016,Rick Wysocki,1
Enculturation,1/1/2017,Dustin W. Edwards,51
Enculturation,1/1/2017,Jacob W. Greene,41
Enculturation,1/1/2017,Blake Watson,36
Enculturation,1/1/2017,Jonathan L. Bradshaw,36
Enculturation,1/1/2017,Trisha N. Campbell,35
Enculturation,1/1/2017,Bonnie Tucker,34
Enculturation,1/1/2017,Amy K. Anderson,31
Enculturation,1/1/2017,Crystal VanKooten,31
Enculturation,1/1/2017,Sharon Yam,29
Enculturation,1/1/2017,Jacob Rawlins,28
Enculturation,1/1/2017,Paul Walker,28
Enculturation,1/1/2017,Trevor Hoag,22
Enculturation,1/1/2017,John R. Gallagher,21
Enculturation,1/1/2017,Brent Lucia,19
Enculturation,1/1/2017,James Beasley,12
Enculturation,1/1/2017,Andrew Pilsch,11
Enculturation,1/1/2017,Shuv Raj Rana Bhat,5
Enculturation,1/1/2017,Bree McGregor,4
Enculturation,1/1/2017,Stephanie R. Larson,2
Enculturation,1/1/2017,Ana Milena Ribero,1
Enculturation,1/1/2017,Michael Russo,1
Enculturation,1/1/2018,Ira Allen,95
Enculturation,1/1/2018,Jo Hsu,67
Enculturation,1/1/2018,Jennifer Sano-Franchini,61
Enculturation,1/1/2018,Anne C. Wheeler,41
Enculturation,1/1/2018,Madison P. Jones,41
Enculturation,1/1/2018,Alison Yeh Cheung,35
Enculturation,1/1/2018,Matthew Osborn,34
Enculturation,1/1/2018,Vincent N. Pham,34
Enculturation,1/1/2018,Richard Marback,33
Enculturation,1/1/2018,Kerry Banazek,32
Enculturation,1/1/2018,Steven LeMieux,30
Enculturation,1/1/2018,Ashley Rose Mehlenbacher,28
Enculturation,1/1/2018,Kristopher M. Lotier,27
Enculturation,1/1/2018,Terese Guinsatao Monberg,24
Enculturation,1/1/2018,Linh Dich,22
Enculturation,1/1/2018,Lori Beth De Hertogh,21
Enculturation,1/1/2018,LuMing Mao,20
Enculturation,1/1/2018,Kate Firestone,16
Enculturation,1/1/2018,John J. Silvestro,9
Enculturation,1/1/2018,Charlyne Sarmiento,5
Enculturation,1/1/2018,Andrew Hollinger,4
Enculturation,1/1/2018,Brianna Casey,4
Enculturation,1/1/2018,Vani Kannan,3
Enculturation,1/1/2018,Sean McCullough,2
Enculturation,1/1/2018,Sheri Rysdam,2
Enculturation,1/1/2018,Morris Young,1
Enculturation ,1/1/2013,Jessica Yood,41
Enculturation ,1/1/2013,Jennifer Saltmarsh,27
Enculturation ,1/1/2013,Greg Wilson,24
Enculturation ,1/1/2013,Jeff Rice,21
Enculturation ,1/1/2013,Catherine Prendergast,12
Enculturation ,1/1/2013,K.J. Rawson,7
Enculturation ,1/1/2013,Kevin Browne,7
Enculturation ,1/1/2013,Andrew Rihn,5
Enculturation ,1/1/2013,Geoffrey V. Carter,5
Enculturation ,1/1/2013,Chris Lindgren,3
Enculturation ,1/1/2013,Chris Earle,1
Enculturation ,1/1/2013,Julie D. Nelson,1
Enculturation ,1/1/2014,Kevin Roozen,59
Enculturation ,1/1/2014,Jay Dolmage,54
Enculturation ,1/1/2014,Erin Anderson,51
Enculturation ,1/1/2014,Steve Holmes,43
Enculturation ,1/1/2014,Ryan Weber,37
Enculturation ,1/1/2014,Elaine Jolayemi,35
Enculturation ,1/1/2014,Julie Jung,30
Enculturation ,1/1/2014,Nathaniel Rivers,30
Enculturation ,1/1/2014,Marc C. Santos,24
Enculturation ,1/1/2014,Maria Novotny,22
Enculturation ,1/1/2014,Timothy Richardson,17
Enculturation ,1/1/2014,Katie Zabrowski,10
Enculturation ,1/1/2014,Guy Lancaster,8
Enculturation ,1/1/2014,Bryan L. Jones,5
Enculturation ,1/1/2014,Kim Lacey,5
Enculturation ,1/1/2014,Shui-yin Sharon Yam,4
Enculturation ,1/1/2014,Stephanie Vie,4
Enculturation ,1/1/2014,Taylor Libby,3
Enculturation ,1/1/2014,Trisha Campbell,3
Enculturation ,1/1/2014,Julie jung,2
Enculturation ,1/1/2014,Lori Beth De Hertogh,1
Enculturation ,1/1/2014,Michael Lucas,1
Enculturation ,1/1/2014,Ruben Casas,1
Enculturation ,1/1/2015,Jennifer Clary-Lemon,93
Enculturation ,1/1/2015,Julie Prebel,40
Enculturation ,1/1/2015,Scot Barnett,37
Enculturation ,1/1/2015,Gale Coskan-Johnson,34
Enculturation ,1/1/2015,Neil Simpkins,34
Enculturation ,1/1/2015,Justin Lewis,33
Enculturation ,1/1/2015,Vanessa Cozza,32
Enculturation ,1/1/2015,Chris Mays,28
Enculturation ,1/1/2015,Alexandra J. Cavallaro,27
Enculturation ,1/1/2015,Jonathan Stone,26
Enculturation ,1/1/2015,Megan Eatman,25
Enculturation ,1/1/2015,Romeo Garcia,23
Enculturation ,1/1/2015,Eric Detweiler,18
Enculturation ,1/1/2015,Jim Brown,16
Enculturation ,1/1/2015,Phil Bratta,16
Enculturation ,1/1/2015,Johanna Schmertz,11
Enculturation ,1/1/2015,Mark D. Pepper,11
Enculturation ,1/1/2015,Ben Wetherbee,6
Enculturation ,1/1/2015,Jessie Richards,5
Enculturation ,1/1/2015,Hayley Zertuche,3
Enculturation ,1/1/2015,Elizabeth Edwards,2
Enculturation ,1/1/2015,John Marinan,2
Enculturation ,1/1/2015,Luke Thominet,2
Enculturation ,1/1/2015,Dev Bose,1
Enculturation ,1/1/2015,Erica Fischer,1
Enculturation ,1/1/2015,Lindsey Banister,1
Enculturation ,1/1/2016,Matthew Newcomb,25
Enculturation ,1/1/2016,Jennifer Roth Miller,4
Enculturation ,1/1/2016,Trevor C. Meyer,4
Enculturation ,1/1/2016,Andrew Pilsch,2
Enculturation ,1/1/2016,Matthew Boedy,2
Enculturation ,1/1/2016,Benjamin Smith,1
Johns Hopkins P,1/1/2015,Janelle Adsit,1
Journal of Basic Writing,1/1/2013,Kendra N. Bryant,63
Journal of Basic Writing,1/1/2013,Barbara Bird,51
Journal of Basic Writing,1/1/2013,Christie Toth,44
Journal of Basic Writing,1/1/2013,Shereen Inayatulla,30
Journal of Basic Writing,1/1/2013,Victor Villanueva,29
Journal of Basic Writing,1/1/2013,Sarah Stanley,24
Journal of Basic Writing,1/1/2013,Thomas Peele,22
Journal of Basic Writing,1/1/2013,Kati Fargo Ahern,17
Journal of Basic Writing,1/1/2014,Andrea Parmegiani,51
Journal of Basic Writing,1/1/2014,Shoba Bandi-Rao,32
Journal of Basic Writing,1/1/2014,Ching Ching Lin,31
Journal of Basic Writing,1/1/2014,Megan Murtha,27
Journal of Basic Writing,1/1/2014,Rebecca Williams Mlynarczyk,24
Journal of Basic Writing,1/1/2015,Patrick Sullivan,57
Journal of Basic Writing,1/1/2015,Christopher Minnix,46
Journal of Basic Writing,1/1/2015,Dan Melzer,33
Journal of Basic Writing,1/1/2015,Tom Fox,21
Journal of Basic Writing,1/1/2016,Elizabeth G. Allan,42
Journal of Basic Writing,1/1/2016,Jamil Shakoor,33
Journal of Basic Writing,1/1/2016,Jon Balzotti,31
Journal of Basic Writing,1/1/2016,William DeGenaro,21
Journal of Basic Writing,1/1/2017,Xiqiao Wang,34
Journal of Basic Writing,1/1/2017,Missy Watson,32
Journal of Basic Writing,1/1/2017,William DeGenaro,29
Journal of Basic Writing,1/1/2017,Wendy Pfrenger,27
Journal of Basic Writing,1/1/2017,Cheryl Hogue Smith,19
Journal of Basic Writing,1/1/2017,Sarah Stanley,18
Journal of Basic Writing,1/1/2017,Lucas Corcoran,16
Journal of Basic Writing,1/1/2017,Don J. Kraemer,13
Journal of Basic Writing,1/1/2017,Michael T. MacDonald,1
Journal of Basic Writing,1/1/2018,Susan Naomi Bernstein,62
Journal of Basic Writing,1/1/2018,Laura Gray-Rosendale,45
Journal of Basic Writing,1/1/2018,Karen S. Uehling,42
Journal of Basic Writing,1/1/2018,Victor Villanueva,42
Journal of Basic Writing,1/1/2018,Zarah C. Moeggenberg,3
Parlor Press,1/1/2016,Lisa Ede,3
Parlor Press/ Peitho,1/1/2014,Liz Rohan,6
Peitho,1/1/2013,Lindal Buchanan,54
Peitho,1/1/2013,Liz Rohan,20
Peitho,1/1/2013,Kelly Cameron,18
Peitho,1/1/2013,Phyllis Thompson,18
Peitho,1/1/2013,Letizia Guglielmo,5
Peitho,1/1/2013,Harriet Malinowitz,3
Peitho,1/1/2013,Jessica Enoch,3
Peitho,1/1/2014,Erin Frost,46
Peitho,1/1/2014,Jamie White-Farnham,27
Peitho,1/1/2014,Anita August,23
Peitho,1/1/2014,Kristie S. Fleckenstein,22
Peitho,1/1/2014,Jason Barrett-Fox,19
Peitho,1/1/2014,Tarez Samra Graban,19
Peitho,1/1/2014,Oriana Gatta,18
Peitho,1/1/2014,Jaqueline McLeod Rogers,16
Peitho,1/1/2014,Katie Manthey,14
Peitho,1/1/2014,Sarah L. Skripsky,9
Peitho,1/1/2014,Shirley Rose,6
Peitho,1/1/2014,Jill Anne Morris,5
Peitho,1/1/2014,Shirley K Rose,2
Peitho,1/1/2015,Maureen Daly Goggin,59
Peitho,1/1/2015,David Gold,42
Peitho,1/1/2015,Nicole Khoury,32
Peitho,1/1/2015,Stacey Waite,31
Peitho,1/1/2015,Michelle Smith,29
Peitho,1/1/2015,Ruth Osorio,26
Peitho,1/1/2015,Stephanie L. Kerschbaum,25
Peitho,1/1/2015,Adela C. Licona,22
Peitho,1/1/2015,Susan Lundy Maute,18
Peitho,1/1/2015,Elizabeth Fleitz,16
Peitho,1/1/2015,Jessica Rucki,14
Peitho,1/1/2015,Megan McIntyre,12
Peitho,1/1/2015,Jenn Fishman,10
Peitho,1/1/2015,Staci Perryman-Clark,7
Peitho,1/1/2015,Sarah Hallenbeck,6
Peitho,1/1/2015,Cheryl Glenn,4
Peitho,1/1/2015,Karma R. Chávez,4
Peitho,1/1/2016,Cristy Beemer,39
Peitho,1/1/2016,Heather Blain Vorhies,32
Peitho,1/1/2016,Lillian Bridwell-Bowles,29
Peitho,1/1/2016,Natasha Trace Robinson,27
Peitho,1/1/2016,Abby M. Dubisar,24
Peitho,1/1/2016,Faith Kurtyka,23
Peitho,1/1/2016,Virginia Crisco,19
Peitho,1/1/2016,Michelle Bachelor Robinson,18
Peitho,1/1/2016,Amy Gerald,16
Peitho,1/1/2016,Katherine Fredlund,16
Peitho,1/1/2016,Holly Ryan,13
Peitho,1/1/2016,Sarah Singer,13
Peitho,1/1/2017,J.P. Hanly,48
Peitho,1/1/2017,Kelly Blewett,38
Peitho,1/1/2017,Timothy Ballingall,36
Peitho,1/1/2017,Meaghan Brewer,32
Peitho,1/1/2017,Charlotte Hogg,31
Peitho,1/1/2017,Laurie McMillan,31
Peitho,1/1/2017,Pamela VanHaitsma,31
Peitho,1/1/2017,Melissa Nivens,28
Peitho,1/1/2017,Stephanie Phillips,27
Peitho,1/1/2017,Kristen Gay,25
Peitho,1/1/2017,Kimberly D. Thompson,24
Peitho,1/1/2017,Amy Ferdinandt Stolley,20
Peitho,1/1/2017,Jennifer Young,15
Peitho,1/1/2017,Steph Ceraso,3
Peitho,1/1/2018,Courtney Adams Wooten,62
Peitho,1/1/2018,Kyle Larson,62
Peitho,1/1/2018,Jennifer Nish,59
Peitho,1/1/2018,Andrew Fiss,55
Peitho,1/1/2018,Rachael Zeleny,46
Peitho,1/1/2018,TJ Geiger,46
Peitho,1/1/2018,Tessa Brown,42
Peitho,1/1/2018,Julie A. Bokser,40
Peitho,1/1/2018,Elizabeth Bentley,31
Peitho,1/1/2018,Florence Elizabeth Bacabac,31
Peitho,1/1/2018,Rebekah Sims,31
Peitho,1/1/2018,Amy Mecklenburg-Faenger,28
Peitho,1/1/2018,Layli Maria Miron,25
Peitho,1/1/2018,Liz Rohan,25
Peitho,1/1/2018,Bethany Mannon,19
Peitho,1/1/2018,Rachel Riedner,17
Peitho,1/1/2018,Nicole Khoury,16
Peitho,1/1/2018,Michael J. Faris,14
Peitho,1/1/2018,Caitlin Martin,10
Peitho,1/1/2018,Lisa Shaver,9
Peitho,1/1/2018,Aja Y. Martinez,8
Peitho,1/1/2018,David Gold,8
Peitho,1/1/2018,Jacqueline Jones Royster,4
Rhetoric Review,1/1/2013,Richard Benjamin Crosby,52
Rhetoric Review,1/1/2013,Joshua Reeves,43
Rhetoric Review,1/1/2013,Drew Kopp,42
Rhetoric Review,1/1/2013,Bryan Ray,40
Rhetoric Review,1/1/2013,Matthew J. Nunes,39
Rhetoric Review,1/1/2013,Craig Rood,35
Rhetoric Review,1/1/2013,Lea Povozhaev,32
Rhetoric Review,1/1/2013,Steven J. Corbett,32
Rhetoric Review,1/1/2013,Zosha Stuckey,28
Rhetoric Review,1/1/2013,James P. Beasley,25
Rhetoric Review,1/1/2013,Lori Ostergaard,25
Rhetoric Review,1/1/2013,Rachael Baitch Zeleny,25
Rhetoric Review,1/1/2013,Shawn Ramsey,25
Rhetoric Review,1/1/2013,Paige V. Banjali,24
Rhetoric Review,1/1/2013,Jeffrey M. Ringer,23
Rhetoric Review,1/1/2013,Joel Benabu,22
Rhetoric Review,1/1/2013,Lei Zhang,20
Rhetoric Review,1/1/2013,Roseanne Carlo,20
Rhetoric Review,1/1/2013,Jamie White-Farnham,19
Rhetoric Review,1/1/2013,David G. Holmes,17
Rhetoric Review,1/1/2013,Elizabeth Lowry,17
Rhetoric Review,1/1/2013,David Fleming,16
Rhetoric Review,1/1/2013,Edward Hahn,12
Rhetoric Review,1/1/2013,Dana Elder,4
Rhetoric Review,1/1/2014,Jennifer Lin Clary-Lemon,46
Rhetoric Review,1/1/2014,Lisa Zimmerelli,43
Rhetoric Review,1/1/2014,Mike Edwards,41
Rhetoric Review,1/1/2014,Elizabeth Mackay,39
Rhetoric Review,1/1/2014,Sarah Hart,37
Rhetoric Review,1/1/2014,Shawn J. Parry-Giles,33
Rhetoric Review,1/1/2014,Stephanie L. Kerschbaum,32
Rhetoric Review,1/1/2014,Damien Smith,31
Rhetoric Review,1/1/2014,Fiona Harris Ramsby,30
Rhetoric Review,1/1/2014,Marjan A. van Schaik,29
Rhetoric Review,1/1/2014,John Jones,26
Rhetoric Review,1/1/2014,Terry Shannon Peterman,26
Rhetoric Review,1/1/2014,Steven Holmes,24
Rhetoric Review,1/1/2014,Adriana Cordali Gradea,23
Rhetoric Review,1/1/2014,David A. Frank,20
Rhetoric Review,1/1/2014,Katherine Fredlund,20
Rhetoric Review,1/1/2014,Ryan Skinnell,20
Rhetoric Review,1/1/2014,Jennifer Lin LeMesurier,17
Rhetoric Review,1/1/2014,Joseph Rhodes,14
Rhetoric Review,1/1/2014,Kyle P. Vealey,9
Rhetoric Review,1/1/2015,Steven Mailloux,81
Rhetoric Review,1/1/2015,Kellie Sharp-Hoskins,53
Rhetoric Review,1/1/2015,Carrie Bryars Kilfoil,45
Rhetoric Review,1/1/2015,Maria E. Gigante,37
Rhetoric Review,1/1/2015,Cathryn Molloy,34
Rhetoric Review,1/1/2015,Elizabethada A. Wright,33
Rhetoric Review,1/1/2015,Lydia McDermott,32
Rhetoric Review,1/1/2015,Charlotte Hogg,29
Rhetoric Review,1/1/2015,Martin Camper,29
Rhetoric Review,1/1/2015,Chris Ingraham,28
Rhetoric Review,1/1/2015,Joanne Addison,27
Rhetoric Review,1/1/2015,Peter Cramer,27
Rhetoric Review,1/1/2015,Allison Hitt,26
Rhetoric Review,1/1/2015,Christopher Carter,26
Rhetoric Review,1/1/2015,Mark Mullen Phillip,26
Rhetoric Review,1/1/2015,Matthew Newcomb,26
Rhetoric Review,1/1/2015,Irene Jagla,24
Rhetoric Review,1/1/2015,Ryan Skinnell,24
Rhetoric Review,1/1/2015,Daniel Cole,22
Rhetoric Review,1/1/2015,Gabriel Cutrufello,21
Rhetoric Review,1/1/2015,Abby M. Dubisar,12
Rhetoric Review,1/1/2015,Amy J. Lueck,9
Rhetoric Review,1/1/2016,Alexandria Peary,42
Rhetoric Review,1/1/2016,Andrea R. Olinger,39
Rhetoric Review,1/1/2016,Martha S. Cheng,39
Rhetoric Review,1/1/2016,Cristy Beemer,28
Rhetoric Review,1/1/2016,Candance Epps-Robertson,24
Rhetoric Review,1/1/2016,Lindal Buchanan,24
Rhetoric Review,1/1/2016,Edward Schiappa,20
Rhetoric Review,1/1/2016,Rachel Griffo,16
Rhetoric Review,1/1/2016,Kate White,14
Southern Illinois UP,1/1/2014,Wendy Sharer,1
Southern Illinois UP,1/1/2016,Dalyn Luedkte,1
Southern Illinois UP,1/1/2017,Heather Brook Adams,4
Southern Illinois UP,1/1/2018,Aja Y. Martinez,9
Southern Illinois UP,1/1/2018,Kelly Moreland,1
Southern Illinois UP/Peitho,1/1/2014,Ann George,1
Southern Illinois University Press,1/1/2015,Jessica R. Houf,2
U of Arizona P,1/1/2017,Marcia Farr,8
U of Pittsburgh P,1/1/2016,Colleen Derkatch,2
U of Pittsburgh P,1/1/2016,Sean Zwagerman,1
U of Pittsburgh P,1/1/2017,Chanon Adsanatham,4
UP of America,1/1/2015,Jennifer Sano-Franchini,2
University of Pittsburgh P,1/1/2017,Tiffany Kinney,2
WAC Journal,1/1/2013,Denise K. Comer,46
WAC Journal,1/1/2013,Daniel Cole,25
WAC Journal,1/1/2013,Denise Ann Vrchota,20
WAC Journal,1/1/2013,Martha A. Townsend,20
WAC Journal,1/1/2013,Jonathan Hall,18
WAC Journal,1/1/2013,Laura Brady,16
WAC Journal,1/1/2013,Carol Rutz,15
WAC Journal,1/1/2013,Jennifer Ahern-Dodson,3
WAC Journal,1/1/2014,Joanna Wolfe,88
WAC Journal,1/1/2014,Jacob Harris,34
WAC Journal,1/1/2014,Dan Melzer,29
WAC Journal,1/1/2014,Noreen Lape,20
WAC Journal,1/1/2014,Mya Poe,4
WAC Journal,1/1/2014,Carol Rutz,2
WAC Journal,1/1/2015,Sarah L. Tarabochia,56
WAC Journal,1/1/2015,Carol Rutz,53
WAC Journal,1/1/2015,Katherine L. Shaefer,45
WAC Journal,1/1/2015,Denise Ann Vrchota,38
WAC Journal,1/1/2015,Caitlin Cornell Holmes,22
WAC Journal,1/1/2015,Sherry Lee Linkon,17
WAC Journal,1/1/2015,Erika Scheurer,9
WAC Journal,1/1/2016,Jessica Gehrtz,45
WAC Journal,1/1/2016,Brian Hendrickson,33
WAC Journal,1/1/2016,Fernando Sanchéz,31
WAC Journal,1/1/2016,Kostas D. Stroumbakis,20
WAC Journal,1/1/2016,Genevieve Garcia de Mueller,1
WAC Journal,1/1/2017,Megan Shoen,50
WAC Journal,1/1/2017,Rebecca Fremo,39
WAC Journal,1/1/2017,Heather Falconer,32
WAC Journal,1/1/2017,Jeanine E. Aune,21
WAC Journal,1/1/2017,Ruth Pardini,20
WAC Journal,1/1/2017,Michelle Iten,8
WAC Journal,1/1/2018,Sarah Peterson Pittock,58
WAC Journal,1/1/2018,Justin Nicholes,51
WAC Journal,1/1/2018,Michelle Cox,31
WAC Journal,1/1/2018,Alisa Russell,29
WAC Journal,1/1/2018,Emily Wilson,28
WAC Journal,1/1/2018,Justin K. Rademaekers,22
WAC Journal,1/1/2018,Kathleen Blake Yancey,21
WAC Journal,1/1/2018,Elisabeth L. Miller,20
WAC Journal,1/1/2018,Jenna Pack Sheffield,19
WAC Journal,1/1/2018,Austin Gorman,17
WPA,1/1/2012,Paul Kei Matsuda,96
WPA,1/1/2012,Ann M. Penrose,50
WPA,1/1/2012,Don J. Kraemer,41
WPA,1/1/2012,Steve Simpson,37
WPA,1/1/2012,Barbara J. Blakely,36
WPA,1/1/2012,Linda Adler-Kassner,32
WPA,1/1/2012,Holly Middleton,28
WPA,1/1/2012,Emily Isaacs,27
WPA,1/1/2012,Marcia Belcheir,27
WPA,1/1/2012,Anne Beaufort,23
WPA,1/1/2012,Matthew Heard,19
WPA,1/1/2012,Anne Ruggles Gere,15
WPA,1/1/2012,Jo Ann Vogt,14
WPA,1/1/2012,Cynthia R. Haller,13
WPA,1/1/2012,Kathleen J. Ryan,13
WPA,1/1/2012,Rita Malenczyk,13
WPA,1/1/2012,Kathleen Ryan,10
WPA,1/1/2012,Martha Marinara,8
WPA,1/1/2012,Melissa Ianetta,8
WPA,1/1/2012,David Schwalm,7
WPA,1/1/2012,Barbara Little Liu,5
WPA,1/1/2012,Deborah Mutnick,3
WPA,1/1/2012,Randall McClure,3
WPA,1/1/2012,Shane Borrowman,3
WPA,1/1/2012,Sherry Rankins-Robertson,2
WPA,1/1/2012,William P. Banks,2
WPA,1/1/2013,Laura J. Davies,49
WPA,1/1/2013,Sandra L. Tarabochia,47
WPA,1/1/2013,Catherine Gabor,38
WPA,1/1/2013,Elena Lawrick,38
WPA,1/1/2013,Denise Comer,37
WPA,1/1/2013,Douglass Brent,36
WPA,1/1/2013,Fernando Sánchez,32
WPA,1/1/2013,Casie Fedukovich,31
WPA,1/1/2013,Karen Kopelson,25
WPA,1/1/2013,Kendall Leon,22
WPA,1/1/2013,Christie Toth,19
WPA,1/1/2013,Faye Halpern,12
WPA,1/1/2013,Mark Mullen,12
WPA,1/1/2013,Richard Colby,12
WPA,1/1/2013,Chris Thaiss,10
WPA,1/1/2013,Harry Denny,10
WPA,1/1/2013,Dan Melzer,9
WPA,1/1/2013,Laura R. Micciche,7
WPA,1/1/2013,Thomas Sura,6
WPA,1/1/2013,Chris M. Anson,4
WPA,1/1/2013,Andrea Scott,3
WPA,1/1/2013,Donna Strickland,3
WPA,1/1/2013,Shirley K. Rose,2
WPA,1/1/2013,Duncan Carter,1
WPA,1/1/2014,Norbert Elliot,59
WPA,1/1/2014,Melinda Knight,57
WPA,1/1/2014,Irvin Peckham,56
WPA,1/1/2014,Ann C. Dean,36
WPA,1/1/2014,Christy I. Wenger,26
WPA,1/1/2014,Ryan Skinnell,25
WPA,1/1/2014,Talinn Phillips,23
WPA,1/1/2014,Kristine Johnson,22
WPA,1/1/2014,Don J. Kraemer,21
WPA,1/1/2014,Lloyd D um an,18
WPA,1/1/2014,Kathleen Blake Yancey,16
WPA,1/1/2014,David Stock,11
WPA,1/1/2015,Amy Vidali,63
WPA,1/1/2015,& Dennis Eggett,34
WPA,1/1/2015,Amy Ferdinandt Stolley,26
WPA,1/1/2015,Duane Roen,22
WPA,1/1/2015,Lauren Obermark,22
WPA,1/1/2015,Veronica House,22
WPA,1/1/2015,Irvin Peckham,13
WPA,1/1/2015,J. Blake Scott,13
WPA,1/1/2015,Raul Sanchez,13
WPA,1/1/2015,Sonya Lancaster,13
WPA,1/1/2015,Thomas Sura,12
WPA,1/1/2015,Lauren Fitzgerald,11
WPA,1/1/2015,Mary Jo Reiff,10
WPA,1/1/2015,Melissa Ianetta,10
WPA,1/1/2015,Douglas D. Hesse,8
WPA,1/1/2015,Gita DasBender,7
WPA,1/1/2015,Todd Ruecker,6
WPA,1/1/2015,Asao B. Inoue,4
WPA,1/1/2015,Cheryl E. Ball,4
WPA,1/1/2015,Elizabeth Boquet,4
WPA,1/1/2015,Seth Kahn,3
WPA,1/1/2015,Jessica Nastal-Dema,1
WPA,1/1/2015,Shirley K. Rose,1
WPA,1/1/2016,Tiffany Bourelle,34
WPA,1/1/2016,David Eubanks,31
WPA,1/1/2016,Asao B. Inoue,25
WPA,1/1/2016,Michelle LaFrance,25
WPA,1/1/2016,Carrie S. Leverenz,24
WPA,1/1/2016,Kristen Seas Trader,24
WPA,1/1/2016,Susan M. Lang,24
WPA,1/1/2016,Wooten ,22
WPA,1/1/2016,James Chase Sanchez,16
WPA,1/1/2016,Rita Malenczyk,15
WPA,1/1/2016,Emily Isaacs,13
WPA,1/1/2016,Jasmine Kar Tang,13
WPA,1/1/2016,Melanie Yergeau,13
WPA,1/1/2016,Amy A. Zenger,12
WPA,1/1/2016,Anne Ruggles Gere,10
WPA,1/1/2016,Katrina L. Miller,10
WPA,1/1/2016,Patti Poblete,9
WPA,1/1/2016,Regina McManigell Grijalva,8
WPA,1/1/2016,Sherri Craig,8
WPA,1/1/2016,Genevieve Garcia de Mueller,7
WPA,1/1/2016,Matthew Tougas,6
WPA,1/1/2016,Megan L. Titus,6
WPA,1/1/2016,Talinn Phillips,6
WPA,1/1/2016,Cedric D. Burrows,4
WPA,1/1/2016,Elizabeth A. Monske,4
WPA,1/1/2016,Staci M. Perryman-Clark,4
WPA,1/1/2016,T J Geiger II,4
WPA,1/1/2017,Alexis Teagarden,72
WPA,1/1/2017,Diane Kelly-Riley,66
WPA,1/1/2017,Shelley Reid,46
WPA,1/1/2017,Bradley Queen,37
WPA,1/1/2017,Sushil K. Oswal,33
WPA,1/1/2017,Steven J. Corbett,31
WPA,1/1/2017,Genevieve Garda de Mueller,29
WPA,1/1/2017,Amy A. Lannin,27
WPA,1/1/2017,Jane Greer,23
WPA,1/1/2017,Bethany Davila,22
WPA,1/1/2017,Laura R. Micciche,22
WPA,1/1/2017,Anna V. Knutson,21
WPA,1/1/2017,Elizabeth Saur,18
WPA,1/1/2017,Casie J. Fedukovich,17
WPA,1/1/2017,Laura J. Davies,16
WPA,1/1/2017,Melissa Nicolas,13
WPA,1/1/2017,Jonathan Alexander,12
WPA,1/1/2017,Kelly A. Shea,12
WPA,1/1/2017,Alice Horning,11
WPA,1/1/2017,Brenta Blevins,11
WPA,1/1/2017,Neil Baird,10
WPA,1/1/2017,Elisabeth L. Miller,8
WPA,1/1/2017,Kelly A. Whitney,8
WPA,1/1/2017,Ella R. Browning,7
WPA,1/1/2017,Peggy O ’Neill,7
WPA,1/1/2017,Annika Konrad,2
WPA,1/1/2017,Lisa Meloncon,1
WPA,1/1/2017,Michael Carlozzi,1
WPA,1/1/2018,Kelly Ritter,34
WPA,1/1/2018,Jim Nugent,25
WPA,1/1/2018,Christina Saidy,24
WPA,1/1/2018,Ed Jones,19
WPA,1/1/2018,Jenna Morton-Aiken,17
WPA,1/1/2018,Tony Scott,12
WPA,1/1/2018,E. Shelley Reid,11
WPA,1/1/2018,Nancy Welch,9
WPA,1/1/2018,Daveena Tauber,5
WPA,1/1/2018,Lyn G. Brown,5
WPA,1/1/2018,Jacob Babb,1
Writing Center Journal,1/1/2013,Isabelle Thompson,44
Writing Center Journal,1/1/2013,Kara Northway,37
Writing Center Journal,1/1/2013,Harry Denny,32
Writing Center Journal,1/1/2013,Rita Malenczyk,31
Writing Center Journal,1/1/2013,Anne Ellen Geller,2
Writing Center Journal,1/1/2013,Sipai Klein,2
Writing Center Journal,1/1/2013,"Alfred E. Guy, Jr.",1
Writing Center Journal,1/1/2014,Neal Lerner,43
Writing Center Journal,1/1/2014,Lauren Fitzgerald,34
Writing Center Journal,1/1/2014,John Nordlof,31
Writing Center Journal,1/1/2014,Lori Salem,28
Writing Center Journal,1/1/2014,Stacy Nall,26
Writing Center Journal,1/1/2014,Isabelle Thompson,21
Writing Center Journal,1/1/2014,Sue Dinitz,17
Writing Center Journal,1/1/2014,Beth Godbee,13
Writing Center Journal,1/1/2014,Sherry Wynn Perdue,12
Writing Center Journal,1/1/2014,Sarah Liggett,10
Writing Center Journal,1/1/2014,Daniel Sanford,9
Writing Center Journal,1/1/2015,Beth Godbee,94
Writing Center Journal,1/1/2015,Bonnie Devet,64
Writing Center Journal,1/1/2015,Lisa Zimmerelli,43
Writing Center Journal,1/1/2015,Sarah Blazer,40
Writing Center Journal,1/1/2015,Carol Severino,38
Writing Center Journal,1/1/2015,Roberta D. Kjesrud,32
Writing Center Journal,1/1/2015,Dana L. Driscoll,22
Writing Center Journal,1/1/2015,Georganne Nordstrom,18
Writing Center Journal,1/1/2015,Karen S. Rowan,11
Writing Center Journal,1/1/2015,Holly Ryan,10
Writing Center Journal,1/1/2015,Elizabeth Boquet,9
Writing Center Journal,1/1/2015,Nathalie Singh-Corcoran,9
Writing Center Journal,1/1/2015,Rebecca Damron,4
Writing Center Journal,1/1/2015,Terese Thonus,2
Writing Center Journal,1/1/2015,Moira Ozias,1
Writing Center Journal,1/1/2015,Shih-Ni Prim,1
Writing Center Journal,1/1/2016,Isabelle Thompson,46
Writing Center Journal,1/1/2016,Sarah Summers,36
Writing Center Journal,1/1/2016,Carol Severino,28
Writing Center Journal,1/1/2016,Heather N. Hill,27
Writing Center Journal,1/1/2016,Keshav Jagannathan,26
Writing Center Journal,1/1/2016,Lori Salem,26
Writing Center Journal,1/1/2016,Ervin Christopher,25
Writing Center Journal,1/1/2016,Michael Rifenburg,22
Writing Center Journal,1/1/2016,Jaclyn Wells,21
Writing Center Journal,1/1/2016,Kristina Reardon,17
Writing Center Journal,1/1/2016,Rebecca Block,15
Writing Center Journal,1/1/2016,Ben Rafoth,7
Writing Center Journal,1/1/2016,Bradley Hughes,5
Writing Center Journal,1/1/2016,Beth A. Towle,3
Writing Center Journal,1/1/2017,Ellen C. Carillo,46
Writing Center Journal,1/1/2017,Kathryn Valentine,38
Writing Center Journal,1/1/2017,Neal Lerner,28
Writing Center Journal,1/1/2017,Sherry Wynn Perdue,25
Writing Center Journal,1/1/2017,Kathryn Denton,24
Writing Center Journal,1/1/2017,Cristyn L. Elder,23
Writing Center Journal,1/1/2017,Sohui Lee,23
Writing Center Journal,1/1/2017,Yelin Zhao,22
Writing Center Journal,1/1/2017,Dagmar Scharold,12
Writing Center Journal,1/1/2017,Kyle Oddis,7
Writing Center Journal,1/1/2017,Stacy Kastner,6
Writing Center Journal,1/1/2017,Natasha Tinsley,5
Writing Center Journal,1/1/2017,Anna Sicari,4
Writing Center Journal,1/1/2017,Andrew Petrykowski,2
Writing Center Journal,1/1/2018,Melody Denny,43
Writing Center Journal,1/1/2018,Megan Hicks,28
Writing Center Journal,1/1/2018,Lori Salem,27
Writing Center Journal,1/1/2018,Mary Lou Odom,13
Writing Center Journal,1/1/2018,Neisha-Anne Green,7
Writing Center Journal,1/1/2018,John Nordlof,5
Writing Center Journal,1/1/2018,Erin Zimmerman,4
Writing Center Journal,1/1/2018,Jill Gladstein,3
